Player,Pos,Age,Tm,G,PTS,TRB,AST,STL,BLK,FG%,3P%,2P%,FT%
Precious Achiuwa,C,23,TOR,55,9.2,6,0.9,0.6,0.5,0.485,0.269,0.564,0.702
Steven Adams,C,29,MEM,42,8.6,11.5,2.3,0.9,1.1,0.597,0,0.599,0.364
Bam Adebayo,C,25,MIA,75,20.4,9.2,3.2,1.2,0.8,0.54,0.083,0.545,0.806
Ochai Agbaji,SG,22,UTA,59,7.9,2.1,1.1,0.3,0.3,0.427,0.355,0.532,0.812
Santi Aldama,PF,22,MEM,77,9,4.8,1.3,0.6,0.6,0.47,0.353,0.591,0.75
Nickeil Alexander-Walker,SG,24,TOT,59,6.2,1.7,1.8,0.5,0.4,0.444,0.384,0.515,0.667
Nickeil Alexander-Walker,SG,24,UTA,36,6.3,1.6,2.1,0.7,0.4,0.488,0.402,0.578,0.692
Nickeil Alexander-Walker,SG,24,MIN,23,5.9,1.8,1.4,0.3,0.3,0.384,0.361,0.415,0.619
Grayson Allen,SG,27,MIL,72,10.4,3.3,2.3,0.9,0.2,0.44,0.399,0.518,0.905
Jarrett Allen,C,24,CLE,68,14.3,9.8,1.7,0.8,1.2,0.644,0.1,0.653,0.733
Jose Alvarado,PG,24,NOP,61,9,2.3,3,1.1,0.2,0.411,0.336,0.488,0.813
Kyle Anderson,PF,29,MIN,69,9.4,5.3,4.9,1.1,0.9,0.509,0.41,0.536,0.735
Giannis Antetokounmpo,PF,28,MIL,63,31.1,11.8,5.7,0.8,0.8,0.553,0.275,0.596,0.645
Thanasis Antetokounmpo,PF,30,MIL,37,1.4,1.2,0.4,0.1,0.1,0.435,0,0.526,0.5
Cole Anthony,PG,22,ORL,60,13,4.8,3.9,0.6,0.5,0.454,0.364,0.5,0.894
OG Anunoby,SF,25,TOR,67,16.8,5,2,1.9,0.7,0.476,0.387,0.539,0.838
Ryan Arcidiacono,PG,28,TOT,20,1.3,0.8,1.2,0.3,0,0.243,0.348,0.071,0
Ryan Arcidiacono,PG,28,NYK,11,0.3,0.4,0.2,0.2,0,0.2,0.333,0,0
Ryan Arcidiacono,PG,28,POR,9,2.6,1.2,2.3,0.3,0,0.25,0.35,0.083,0
Deni Avdija,SF,22,WAS,76,9.2,6.4,2.8,0.9,0.4,0.437,0.297,0.53,0.739
Deandre Ayton,C,24,PHO,67,18,10,1.7,0.6,0.8,0.589,0.292,0.597,0.76
Udoka Azubuike,C,23,UTA,36,3.5,3.3,0.3,0.2,0.4,0.819,0,0.819,0.35
Marvin Bagley III,C,23,DET,42,12,6.4,0.9,0.5,0.7,0.529,0.288,0.579,0.75
Patrick Baldwin Jr.,SF,20,GSW,31,3.9,1.3,0.4,0.2,0.1,0.394,0.381,0.44,0.667
LaMelo Ball,PG,21,CHO,36,23.3,6.4,8.4,1.3,0.3,0.411,0.376,0.45,0.836
Mo Bamba,C,24,TOT,49,6.6,4.6,0.9,0.3,0.9,0.485,0.387,0.59,0.661
Mo Bamba,C,24,ORL,40,7.3,4.6,1.1,0.3,1,0.495,0.398,0.594,0.686
Mo Bamba,C,24,LAL,9,3.7,4.6,0.4,0.1,0.6,0.407,0.313,0.545,0.545
Paolo Banchero,PF,20,ORL,72,20,6.9,3.7,0.8,0.5,0.427,0.298,0.471,0.738
Desmond Bane,SG,24,MEM,58,21.5,5,4.4,1,0.4,0.479,0.408,0.534,0.883
Dalano Banton,PG,23,TOR,31,4.6,1.5,1.2,0.4,0.4,0.423,0.294,0.506,0.708
Dominick Barlow,PF,19,SAS,28,3.9,3.6,0.9,0.4,0.7,0.535,0,0.561,0.72
Harrison Barnes,PF,30,SAC,82,15,4.5,1.6,0.7,0.1,0.473,0.374,0.553,0.847
Scottie Barnes,SF,21,TOR,77,15.3,6.6,4.8,1.1,0.8,0.456,0.281,0.505,0.772
RJ Barrett,SG,22,NYK,73,19.6,5,2.8,0.4,0.2,0.434,0.31,0.495,0.74
Will Barton,SG,32,TOT,56,6.8,2.4,2,0.5,0.2,0.379,0.367,0.391,0.787
Will Barton,SG,32,WAS,40,7.7,2.8,2.4,0.4,0.3,0.386,0.377,0.395,0.778
Will Barton,SG,32,TOR,16,4.5,1.6,1.1,0.7,0.2,0.354,0.333,0.378,1
Charles Bassey,C,22,SAS,35,5.7,5.5,1.3,0.5,0.9,0.644,0.375,0.661,0.595
Keita Bates-Diop,PF,27,SAS,67,9.7,3.7,1.5,0.7,0.3,0.508,0.394,0.557,0.793
Nicolas Batum,PF,34,LAC,78,6.1,3.8,1.6,0.7,0.6,0.42,0.391,0.563,0.708
Darius Bazley,C,22,TOT,43,5.2,3.2,0.9,0.5,0.8,0.454,0.377,0.485,0.543
Darius Bazley,C,22,OKC,36,5.4,3.4,0.9,0.5,0.8,0.449,0.4,0.469,0.554
Darius Bazley,C,22,PHO,7,4,2.3,0.9,0.4,0.7,0.48,0.25,0.588,0.4
Bradley Beal,SG,29,WAS,50,23.2,3.9,5.4,0.9,0.7,0.506,0.365,0.552,0.842
Malik Beasley,SG,26,TOT,81,12.7,3.5,1.5,0.8,0.1,0.395,0.357,0.484,0.769
Malik Beasley,SG,26,UTA,55,13.4,3.6,1.7,0.8,0.1,0.396,0.359,0.485,0.841
Malik Beasley,SG,26,LAL,26,11.1,3.3,1.2,0.8,0,0.392,0.353,0.481,0.619
MarJon Beauchamp,SF,22,MIL,52,5.1,2.2,0.7,0.4,0.1,0.395,0.331,0.485,0.73
D?vis Bertans,PF,30,DAL,45,4.6,1.2,0.5,0.2,0.2,0.431,0.39,0.737,0.867
Patrick Beverley,SG-PG,34,TOT,67,6.2,3.7,2.9,0.9,0.6,0.4,0.335,0.529,0.723
Patrick Beverley,SG,34,LAL,45,6.4,3.1,2.6,0.9,0.6,0.402,0.348,0.506,0.78
Patrick Beverley,PG,34,CHI,22,5.8,4.9,3.5,1,0.7,0.395,0.309,0.579,0.533
Saddiq Bey,SF,23,TOT,77,13.8,4.7,1.5,0.9,0.2,0.422,0.361,0.483,0.861
Saddiq Bey,SF,23,DET,52,14.8,4.7,1.6,1,0.2,0.404,0.345,0.46,0.861
Saddiq Bey,SF,23,ATL,25,11.6,4.8,1.4,0.8,0,0.47,0.4,0.552,0.862
Khem Birch,C,30,TOR,20,2.2,1.3,0.4,0.3,0.3,0.594,0.5,0.6,0.8
Goga Bitadze,C,23,TOT,38,4.4,3.6,1,0.4,0.7,0.552,0.231,0.636,0.548
Goga Bitadze,C,23,IND,21,3.3,2.3,0.9,0.4,0.5,0.519,0.286,0.605,0.458
Goga Bitadze,C,23,ORL,17,5.8,5.2,1.2,0.4,0.9,0.575,0.167,0.656,0.667
Bismack Biyombo,C,30,PHO,61,4.3,4.3,0.9,0.3,1.4,0.578,0,0.578,0.357
Buddy Boeheim,SF,23,DET,10,1.6,0.6,0.4,0.2,0,0.185,0.16,0.5,1
Bogdan Bogdanovi?,SG,30,ATL,54,14,3.1,2.8,0.8,0.3,0.447,0.406,0.506,0.831
Bojan Bogdanovi?,PF,33,DET,59,21.6,3.8,2.6,0.6,0.1,0.488,0.411,0.539,0.884
Bol Bol,PF,23,ORL,70,9.1,5.8,1,0.4,1.2,0.546,0.265,0.633,0.759
Leandro Bolmaro,SF,22,UTA,14,0.4,0.5,0.5,0.2,0.1,0.15,0,0.188,0
Devin Booker,SG,26,PHO,53,27.8,4.5,5.5,1,0.3,0.494,0.351,0.554,0.855
Brandon Boston Jr.,SF,21,LAC,22,6.5,1.4,0.9,0.4,0,0.418,0.414,0.419,0.763
Chris Boucher,PF,30,TOR,76,9.4,5.5,0.4,0.6,0.8,0.493,0.328,0.585,0.762
James Bouknight,SG,22,CHO,34,5.6,2.1,1.2,0.4,0.1,0.358,0.303,0.429,0.667
Jamaree Bouyea,PG,23,TOT,5,3,1.2,0.8,0.8,0.4,0.429,0.333,0.5,0.5
Jamaree Bouyea,PG,23,MIA,4,3.8,1.3,1,1,0.5,0.462,0.4,0.5,0.5
Jamaree Bouyea,PG,23,WAS,1,0,1,0,0,0,0,0,0,0
Tony Bradley,C,25,CHI,12,1.6,0.9,0.1,0.1,0.1,0.5,0.6,0.429,1
Malaki Branham,SG,19,SAS,66,10.2,2.7,1.9,0.5,0.1,0.44,0.302,0.539,0.829
Jarrell Brantley,PF,26,UTA,4,5.5,1.5,0.8,0,0.5,0.571,0.444,0.8,1
Christian Braun,SG,21,DEN,76,4.7,2.4,0.8,0.5,0.2,0.495,0.354,0.565,0.625
Mikal Bridges,SF-SG,26,TOT,83,20.1,4.4,3.3,1.1,0.7,0.468,0.382,0.514,0.895
Mikal Bridges,SF,26,PHO,56,17.2,4.3,3.6,1.2,0.8,0.463,0.387,0.503,0.897
Mikal Bridges,SG,26,BRK,27,26.1,4.5,2.7,1,0.6,0.475,0.376,0.531,0.894
Oshae Brissett,PF,24,IND,65,6.1,3.4,0.7,0.5,0.2,0.386,0.31,0.457,0.717
Malcolm Brogdon,PG,30,BOS,67,14.9,4.2,3.7,0.7,0.3,0.484,0.444,0.51,0.87
Dillon Brooks,SF,27,MEM,73,14.3,3.3,2.6,0.9,0.2,0.396,0.326,0.451,0.779
Bruce Brown,SF,26,DEN,80,11.5,4.1,3.4,1.1,0.6,0.483,0.358,0.548,0.758
Greg Brown III,PF,21,POR,16,1.8,1.2,0.2,0.3,0.3,0.393,0.143,0.476,0.417
Jaylen Brown,SF,26,BOS,67,26.6,6.9,3.5,1.1,0.4,0.491,0.335,0.576,0.765
Kendall Brown,SG,19,IND,6,1.5,1,0.5,0.7,0,0.571,0,0.667,0.5
Moses Brown,C,23,TOT,36,4.3,3.9,0.1,0.1,0.4,0.635,0,0.635,0.458
Moses Brown,C,23,LAC,34,4.6,4.1,0.1,0.1,0.4,0.635,0,0.635,0.458
Moses Brown,C,23,BRK,2,0,0,0,0.5,0,0,0,0,0
Sterling Brown,SF,27,LAL,4,0,2,0.5,0.8,0,0,0,0,0
Troy Brown Jr.,SF,23,LAL,76,7.1,4.1,1.3,0.8,0.2,0.43,0.381,0.505,0.872
Jalen Brunson,PG,26,NYK,68,24,3.5,6.2,0.9,0.2,0.491,0.416,0.519,0.829
Thomas Bryant,C,25,TOT,59,9.8,5.7,0.5,0.3,0.5,0.623,0.441,0.658,0.738
Thomas Bryant,C,25,LAL,41,12.1,6.8,0.7,0.3,0.6,0.654,0.44,0.697,0.741
Thomas Bryant,C,25,DEN,18,4.6,3.3,0.1,0.1,0.4,0.485,0.444,0.492,0.722
Reggie Bullock,SF,31,DAL,78,7.2,3.6,1.4,0.7,0.2,0.409,0.38,0.562,0.703
Alec Burks,SG,31,DET,51,12.8,3.1,2.2,0.7,0.2,0.436,0.414,0.459,0.814
Deonte Burton,PF,29,SAC,2,0,0,0,0,0,0,0,0,0
Jared Butler,PG,22,OKC,6,6.2,0.7,1.3,0.8,0,0.469,0.5,0.444,0
Jimmy Butler,PF,33,MIA,64,22.9,5.9,5.3,1.8,0.3,0.539,0.35,0.564,0.85
John Butler,C,20,POR,19,2.4,0.9,0.6,0.4,0.5,0.321,0.229,0.5,0.75
Jamal Cain,PF,23,MIA,18,5.4,2.9,0.7,0.6,0.1,0.561,0.35,0.652,0.773
Kentavious Caldwell-Pope,SG,29,DEN,76,10.8,2.7,2.4,1.5,0.5,0.462,0.423,0.502,0.824
Facundo Campazzo,PG,31,DAL,8,1.3,0.3,1.1,0.8,0,0.231,0.273,0,0.5
Vlatko Cancar,PF,25,DEN,60,5,2.1,1.3,0.4,0.2,0.476,0.374,0.58,0.927
Clint Capela,C,28,ATL,65,12,11,0.9,0.7,1.2,0.653,0,0.654,0.603
Vernon Carey Jr.,C,21,WAS,11,0.5,1,0.3,0.2,0.2,0.25,0,0.25,1
Jevon Carter,PG,27,MIL,81,8,2.5,2.4,0.8,0.4,0.423,0.421,0.425,0.816
Wendell Carter Jr.,C,23,ORL,57,15.2,8.7,2.3,0.5,0.6,0.525,0.356,0.624,0.738
Michael Carter-Williams,PG,31,ORL,4,4.3,1.3,1.8,0.3,0.3,0.429,0.333,0.455,0.571
Alex Caruso,PG,28,CHI,67,5.6,2.9,2.9,1.5,0.7,0.455,0.364,0.556,0.808
Julian Champagnie,SF,21,TOT,17,9.7,3.5,0.6,0.4,0.3,0.454,0.402,0.542,0.824
Julian Champagnie,SF,21,PHI,2,0,0,0,0.5,0,0,0,0,0
Julian Champagnie,SF,21,SAS,15,11,4,0.7,0.3,0.3,0.461,0.407,0.553,0.824
Justin Champagnie,SF,21,TOT,5,2.2,1.6,0.8,0.2,0,0.333,0.2,0.4,0
Justin Champagnie,SF,21,TOR,3,2,1.3,0.3,0,0,1,0,1,0
Justin Champagnie,SF,21,BOS,2,2.5,2,1.5,0.5,0,0.167,0.2,0.143,0
Kennedy Chandler,PG,20,MEM,36,2.2,1.1,1.6,0.3,0.1,0.422,0.133,0.485,0.462
Max Christie,SG,19,LAL,41,3.1,1.8,0.5,0.2,0.2,0.415,0.419,0.409,0.875
Josh Christopher,SG,21,HOU,64,5.8,1.1,1.1,0.5,0.2,0.465,0.236,0.55,0.75
Brandon Clarke,PF,26,MEM,56,10,5.5,1.3,0.6,0.7,0.656,0.167,0.665,0.723
Jordan Clarkson,SG,30,UTA,61,20.8,4,4.4,0.5,0.2,0.444,0.338,0.53,0.816
Nic Claxton,C,23,BRK,76,12.6,9.2,1.9,0.9,2.5,0.705,0,0.708,0.541
Amir Coffey,SF,25,LAC,50,3.4,1.1,1.1,0.1,0.1,0.386,0.275,0.429,0.778
John Collins,PF,25,ATL,71,13.1,6.5,1.2,0.6,1,0.508,0.292,0.619,0.803
Zach Collins,C,25,SAS,63,11.6,6.4,2.9,0.6,0.8,0.518,0.374,0.571,0.761
Chance Comanche,C,26,POR,1,7,3,0,0,1,0.6,0,0.6,0.25
Mike Conley,PG,35,TOT,67,11.9,2.7,6.7,1.1,0.2,0.428,0.385,0.486,0.834
Mike Conley,PG,35,UTA,43,10.7,2.5,7.7,1,0.2,0.408,0.362,0.469,0.813
Mike Conley,PG,35,MIN,24,14,3.1,5,1.2,0.2,0.46,0.42,0.515,0.863
Pat Connaughton,SF,30,MIL,61,7.6,4.6,1.3,0.6,0.2,0.392,0.339,0.566,0.659
Xavier Cooks,PF,27,WAS,10,3.8,3.8,0.6,0.6,0.4,0.607,0,0.63,0.4
Robert Covington,PF,32,LAC,48,6,3.5,1.2,0.8,0.7,0.445,0.397,0.516,0.75
Torrey Craig,PF,32,PHO,79,7.4,5.4,1.5,0.6,0.8,0.456,0.395,0.518,0.711
Jae Crowder,PF,32,MIL,18,6.9,3.8,1.5,0.7,0.3,0.479,0.436,0.538,0.833
Jarrett Culver,SF,23,ATL,10,4.4,3.8,0.6,0.6,0.2,0.395,0.083,0.516,0.692
Cade Cunningham,PG,21,DET,12,19.9,6.2,6,0.8,0.6,0.415,0.279,0.466,0.837
Seth Curry,SG,32,BRK,61,9.2,1.6,1.6,0.6,0.1,0.463,0.405,0.525,0.927
Stephen Curry,PG,34,GSW,56,29.4,6.1,6.3,0.9,0.4,0.493,0.427,0.579,0.915
Dyson Daniels,PG,19,NOP,59,3.8,3.2,2.3,0.7,0.2,0.418,0.314,0.492,0.65
Anthony Davis,C,29,LAL,56,25.9,12.5,2.6,1.1,2,0.563,0.257,0.589,0.784
Johnny Davis,SG,20,WAS,28,5.8,2.3,1,0.4,0.3,0.386,0.243,0.485,0.519
Terence Davis,SG,25,SAC,64,6.7,2.2,1,0.7,0.2,0.423,0.366,0.537,0.791
JD Davison,SG,20,BOS,12,1.6,0.8,0.9,0.2,0.2,0.421,0.286,0.5,0.5
Darius Days,SF,23,HOU,4,3.8,1.5,0.3,0,0.3,0.417,0.3,1,1
Dewayne Dedmon,C,33,TOT,38,5.2,3.5,0.7,0.2,0.5,0.51,0.308,0.58,0.673
Dewayne Dedmon,C,33,MIA,30,5.7,3.6,0.5,0.2,0.5,0.496,0.297,0.576,0.727
Dewayne Dedmon,C,33,PHI,8,3.5,3.1,1.3,0.3,0.6,0.591,0.5,0.6,0.2
Matthew Dellavedova,PG,32,SAC,32,1.5,0.4,1.3,0.2,0,0.34,0.333,0.348,0.571
DeMar DeRozan,SF,33,CHI,74,24.5,4.6,5.1,1.1,0.5,0.504,0.324,0.526,0.872
Moussa Diabate,C,21,LAC,22,2.7,2.3,0.2,0.3,0.4,0.511,0.5,0.511,0.625
Mamadi Diakite,C,26,CLE,22,2.6,1.4,0.4,0.2,0.4,0.48,0.333,0.586,1
Hamidou Diallo,SF,24,DET,56,9.3,3.5,1,0.9,0.3,0.573,0.238,0.593,0.588
Gorgui Dieng,C,33,SAS,31,3.9,3.5,1.7,0.1,0.5,0.385,0.28,0.571,0.769
Ousmane Dieng,PF,19,OKC,39,4.9,2.7,1.2,0.4,0.2,0.42,0.265,0.602,0.652
Spencer Dinwiddie,SG-PG,29,TOT,79,17.3,3.4,6.5,0.8,0.3,0.438,0.369,0.498,0.812
Spencer Dinwiddie,SG,29,DAL,53,17.7,3.1,5.3,0.7,0.3,0.455,0.405,0.504,0.821
Spencer Dinwiddie,PG,29,BRK,26,16.5,4.1,9.1,1.1,0.3,0.404,0.289,0.488,0.797
Donte DiVincenzo,SG,26,GSW,72,9.4,4.5,3.5,1.3,0.1,0.435,0.397,0.525,0.817
Luka Doncic,PG,23,DAL,66,32.4,8.6,8,1.4,0.5,0.496,0.342,0.588,0.742
Tyler Dorsey,SF,26,DAL,3,3,0.7,0,0,0,0.8,0.5,1,0
Luguentz Dort,SF,23,OKC,74,13.7,4.6,2.1,1,0.3,0.388,0.33,0.44,0.772
Ayo Dosunmu,SG,23,CHI,80,8.6,2.8,2.6,0.8,0.3,0.493,0.312,0.583,0.805
Devon Dotson,PG,23,WAS,6,0.5,1.7,1.3,0.8,0,0.1,0.25,0,0
Jeff Dowtin,PG,25,TOR,25,2.4,0.9,1.2,0.4,0.1,0.439,0.313,0.488,0.667
PJ Dozier,SF,26,SAC,16,1.4,0.9,0.6,0.4,0.1,0.303,0.125,0.471,0
Goran Dragic,PG,36,TOT,58,6.3,1.4,2.6,0.2,0.1,0.421,0.359,0.468,0.689
Goran Dragic,PG,36,CHI,51,6.4,1.4,2.7,0.2,0.1,0.425,0.352,0.48,0.659
Goran Dragic,PG,36,MIL,7,5.6,1.7,1.7,0.3,0,0.389,0.412,0.368,1
Andre Drummond,C,29,CHI,67,6,6.6,0.5,0.7,0.4,0.606,0,0.613,0.536
Chris Duarte,SF,25,IND,46,7.9,2.5,1.4,0.5,0.2,0.369,0.316,0.428,0.847
David Duke Jr.,SG,23,BRK,23,3.7,1.3,0.9,0.4,0,0.462,0.083,0.53,0.706
Kris Dunn,PG,28,UTA,22,13.2,4.5,5.6,1.1,0.5,0.537,0.472,0.55,0.774
Kevin Durant,PF,34,TOT,47,29.1,6.7,5,0.7,1.4,0.56,0.404,0.617,0.919
Kevin Durant,PF,34,BRK,39,29.7,6.7,5.3,0.8,1.5,0.559,0.376,0.622,0.934
Kevin Durant,PF,34,PHO,8,26,6.4,3.5,0.3,1.3,0.57,0.537,0.586,0.833
Jalen Duren,C,19,DET,67,9.1,8.9,1.1,0.7,0.9,0.648,0,0.652,0.611
Tari Eason,PF,21,HOU,82,9.3,6,1.1,1.2,0.6,0.448,0.343,0.486,0.752
Anthony Edwards,SG,21,MIN,79,24.6,5.8,4.4,1.6,0.7,0.459,0.369,0.513,0.756
Kessler Edwards,SF,22,TOT,36,2.8,1.7,0.6,0.4,0.2,0.387,0.309,0.5,0.733
Kessler Edwards,SF,22,BRK,14,1.1,1,0.1,0.2,0.1,0.25,0.167,0.333,0.5
Kessler Edwards,SF,22,SAC,22,3.9,2.1,1,0.5,0.2,0.435,0.349,0.577,0.769
Keon Ellis,SG,23,SAC,16,1.5,0.5,0.4,0.3,0.1,0.438,0.5,0.25,0.571
Joel Embiid,C,28,PHI,66,33.1,10.2,4.2,1,1.7,0.548,0.33,0.587,0.857
Drew Eubanks,C,25,POR,78,6.6,5.4,1.3,0.5,1.3,0.641,0.389,0.655,0.664
Bruno Fernando,C,24,TOT,39,3.9,3.5,0.8,0.2,0.9,0.527,0,0.546,0.7
Bruno Fernando,C,24,HOU,31,4.1,3.9,1,0.2,1,0.516,0,0.522,0.682
Bruno Fernando,C,24,ATL,8,3.4,1.9,0.1,0,0.4,0.579,0,0.688,0.833
Dorian Finney-Smith,PF,29,TOT,66,8.3,4.8,1.5,0.8,0.5,0.391,0.337,0.503,0.763
Dorian Finney-Smith,PF,29,DAL,40,9.1,4.7,1.5,1,0.5,0.416,0.355,0.559,0.75
Dorian Finney-Smith,PF,29,BRK,26,7.2,4.9,1.6,0.7,0.6,0.351,0.306,0.429,0.789
Malachi Flynn,PG,24,TOR,53,4.6,1.4,1.3,0.4,0.1,0.36,0.353,0.367,0.758
Simone Fontecchio,SF,27,UTA,52,6.3,1.7,0.8,0.3,0.2,0.369,0.33,0.43,0.795
Bryn Forbes,SG,29,MIN,25,3.6,0.6,0.7,0.3,0.1,0.361,0.304,0.432,1
Trent Forrest,SG,24,ATL,23,2.3,1.6,1.7,0.3,0.1,0.417,0,0.431,0.667
Michael Foster Jr.,PF,20,PHI,1,0,0,0,0,0,0,0,0,0
Evan Fournier,SG,30,NYK,27,6.1,1.8,1.3,0.6,0.1,0.337,0.307,0.404,0.857
De'Aaron Fox,PG,25,SAC,73,25,4.2,6.1,1.1,0.3,0.512,0.324,0.584,0.78
Markelle Fultz,PG,24,ORL,60,14,3.9,5.7,1.5,0.4,0.514,0.31,0.544,0.783
Wenyen Gabriel,C,25,LAL,68,5.5,4.2,0.5,0.4,0.5,0.596,0.278,0.647,0.619
Daniel Gafford,C,24,WAS,78,9,5.6,1.1,0.4,1.3,0.732,0,0.732,0.679
Darius Garland,PG,23,CLE,69,21.6,2.7,7.8,1.2,0.1,0.462,0.41,0.492,0.863
Usman Garuba,C,20,HOU,75,3,4.1,0.9,0.6,0.4,0.486,0.407,0.525,0.617
Luka Garza,C,24,MIN,28,6.5,2.3,0.6,0.1,0.1,0.543,0.359,0.636,0.788
Rudy Gay,PF,36,UTA,56,5.2,2.9,1,0.3,0.3,0.38,0.254,0.484,0.857
Paul George,SF,32,LAC,56,23.8,6.1,5.1,1.5,0.4,0.457,0.371,0.521,0.871
Taj Gibson,C,37,WAS,49,3.4,1.9,0.7,0.3,0.2,0.52,0.333,0.564,0.714
Josh Giddey,PF,20,OKC,76,16.6,7.9,6.2,0.8,0.4,0.482,0.325,0.524,0.731
Shai Gilgeous-Alexander,PG,24,OKC,68,31.4,4.8,5.5,1.6,1,0.51,0.345,0.533,0.905
Anthony Gill,PF,30,WAS,59,3.3,1.7,0.6,0.1,0.2,0.538,0.138,0.65,0.731
Jacob Gilyard,PG,24,MEM,1,3,4,7,3,0,0.333,0.333,0,0
Rudy Gobert,C,30,MIN,70,13.4,11.6,1.2,0.8,1.4,0.659,0,0.663,0.644
Jordan Goodwin,PG,24,WAS,62,6.6,3.3,2.7,0.9,0.4,0.448,0.322,0.511,0.768
Aaron Gordon,PF,27,DEN,68,16.3,6.6,3,0.8,0.8,0.564,0.347,0.628,0.608
Eric Gordon,SG,34,TOT,69,12.4,1.9,2.7,0.6,0.4,0.446,0.371,0.535,0.821
Eric Gordon,SG,34,HOU,47,13.1,2.1,2.9,0.6,0.4,0.439,0.347,0.536,0.815
Eric Gordon,SG,34,LAC,22,11,1.7,2.1,0.6,0.4,0.463,0.423,0.531,0.842
Devonte' Graham,PG,27,TOT,73,7.4,1.7,2.7,0.6,0.2,0.374,0.352,0.452,0.748
Devonte' Graham,PG,27,NOP,53,5.3,1.4,2.2,0.6,0.2,0.368,0.347,0.463,0.746
Devonte' Graham,PG,27,SAS,20,13,2.5,4,0.8,0.3,0.38,0.358,0.442,0.75
Jerami Grant,PF,28,POR,63,20.5,4.5,2.4,0.8,0.8,0.475,0.401,0.523,0.813
RaiQuan Gray,PF,23,BRK,1,16,9,7,0,1,0.5,0.4,0.571,1
A.J. Green,SG,23,MIL,35,4.4,1.3,0.6,0.2,0,0.424,0.419,0.45,1
Danny Green,SG,35,TOT,11,5.5,1.3,0.5,0.5,0.3,0.449,0.432,0.5,1
Danny Green,SG,35,MEM,3,3,1.3,0.7,0.3,0,0.273,0.375,0,0
Danny Green,SG,35,CLE,8,6.5,1.3,0.5,0.6,0.4,0.5,0.448,0.667,1
Draymond Green,PF,32,GSW,73,8.5,7.2,6.8,1,0.8,0.527,0.305,0.612,0.713
Jalen Green,SG,20,HOU,76,22.1,3.7,3.7,0.8,0.2,0.416,0.338,0.471,0.786
JaMychal Green,PF,32,GSW,57,6.4,3.6,0.9,0.4,0.4,0.54,0.378,0.667,0.776
Javonte Green,SF,29,CHI,32,5.2,2.8,0.7,0.8,0.7,0.565,0.371,0.658,0.667
Jeff Green,PF,36,DEN,56,7.8,2.6,1.2,0.3,0.3,0.488,0.288,0.58,0.744
Josh Green,SG,22,DAL,60,9.1,3,1.7,0.7,0.1,0.537,0.402,0.643,0.723
AJ Griffin,SF,19,ATL,72,8.9,2.1,1,0.6,0.2,0.465,0.39,0.536,0.894
Blake Griffin,C,33,BOS,41,4.1,3.8,1.5,0.3,0.2,0.485,0.348,0.625,0.656
Quentin Grimes,SG,22,NYK,71,11.3,3.2,2.1,0.7,0.4,0.468,0.386,0.641,0.796
Rui Hachimura,PF,24,TOT,63,11.2,4.5,0.9,0.3,0.4,0.486,0.319,0.55,0.739
Rui Hachimura,PF,24,WAS,30,13,4.3,1.2,0.4,0.4,0.488,0.337,0.545,0.759
Rui Hachimura,PF,24,LAL,33,9.6,4.7,0.7,0.2,0.4,0.485,0.296,0.556,0.721
Tyrese Haliburton,PG,22,IND,56,20.7,3.7,10.4,1.6,0.4,0.49,0.4,0.572,0.871
Jordan Hall,SF,21,SAS,9,3.1,1.3,1.2,0.1,0,0.321,0.2,0.462,0.778
R.J. Hampton,SG,21,TOT,47,6.4,1.9,1.1,0.6,0.2,0.43,0.353,0.504,0.75
R.J. Hampton,SG,21,ORL,26,5.7,1.5,1.3,0.6,0.2,0.439,0.34,0.525,0.838
R.J. Hampton,SG,21,DET,21,7.3,2.3,1,0.5,0.2,0.423,0.365,0.483,0.667
Tim Hardaway Jr.,SF,30,DAL,71,14.4,3.5,1.8,0.7,0.2,0.401,0.385,0.431,0.77
James Harden,PG,33,PHI,58,21,6.1,10.7,1.2,0.5,0.441,0.385,0.495,0.867
Jaden Hardy,SG,20,DAL,48,8.8,1.9,1.4,0.4,0.1,0.438,0.404,0.469,0.823
Ron Harper Jr.,PF,22,TOR,9,2.2,0.8,0.4,0,0.1,0.5,0.333,0.714,1
Montrezl Harrell,C,29,PHI,57,5.6,2.8,0.6,0.3,0.4,0.598,0,0.616,0.693
Gary Harris,SG,28,ORL,48,8.3,2,1.2,0.9,0.3,0.45,0.431,0.494,0.9
Joe Harris,SF,31,BRK,74,7.6,2.2,1.4,0.5,0.2,0.457,0.426,0.551,0.643
Kevon Harris,SG,25,ORL,34,4.1,2.1,0.5,0.5,0.1,0.439,0.372,0.484,0.756
Tobias Harris,SF,30,PHI,74,14.7,5.7,2.5,0.9,0.5,0.501,0.389,0.57,0.876
Shaquille Harrison,SG,29,POR,5,8.8,4.4,6,2.2,0.4,0.417,0.3,0.462,0.733
Josh Hart,SF,27,TOT,76,9.8,7.8,3.8,1.2,0.3,0.529,0.372,0.601,0.75
Josh Hart,SF,27,POR,51,9.5,8.2,3.9,1.1,0.2,0.504,0.304,0.594,0.731
Josh Hart,SF,27,NYK,25,10.2,7,3.6,1.4,0.5,0.586,0.519,0.619,0.789
Isaiah Hartenstein,C,24,NYK,82,5,6.5,1.2,0.6,0.8,0.535,0.216,0.576,0.676
Udonis Haslem,C,42,MIA,7,3.9,1.6,0,0.1,0.3,0.345,0.333,0.35,0.8
Sam Hauser,SF,25,BOS,80,6.4,2.6,0.9,0.4,0.3,0.455,0.418,0.656,0.706
Jaxson Hayes,C,22,NOP,47,5,2.8,0.7,0.4,0.4,0.551,0.103,0.654,0.699
Killian Hayes,PG,21,DET,76,10.3,2.9,6.2,1.4,0.4,0.377,0.28,0.429,0.821
Gordon Hayward,SF,32,CHO,50,14.7,4.3,4.1,0.8,0.2,0.475,0.325,0.532,0.811
Juancho Hernangomez,PF,27,TOR,42,2.9,2.9,0.6,0.4,0.1,0.421,0.254,0.66,0.563
Willy Hernangomez,C,28,NOP,38,6.9,4.7,0.9,0.4,0.3,0.527,0.273,0.544,0.779
Tyler Herro,SG,23,MIA,67,20.1,5.4,4.2,0.8,0.2,0.439,0.378,0.497,0.934
Buddy Hield,SF,30,IND,80,16.8,5,2.8,1.2,0.3,0.458,0.425,0.518,0.822
Haywood Highsmith,PF,26,MIA,54,4.4,3.5,0.8,0.7,0.3,0.431,0.339,0.523,0.464
George Hill,PG-SG,36,TOT,46,5,1.8,2.4,0.6,0.1,0.47,0.358,0.62,0.764
George Hill,PG,36,MIL,35,5,1.9,2.5,0.5,0.1,0.447,0.311,0.621,0.739
George Hill,SG,36,IND,11,5.2,1.6,1.9,0.6,0.3,0.559,0.524,0.615,0.889
Malcolm Hill,SF,27,CHI,5,1,0.6,0,0,0,0.5,0.333,1,0
Aaron Holiday,PG,26,ATL,63,3.9,1.2,1.4,0.6,0.2,0.418,0.409,0.424,0.844
Jrue Holiday,PG,32,MIL,67,19.3,5.1,7.4,1.2,0.4,0.479,0.384,0.542,0.859
Justin Holiday,SF,33,TOT,46,4.5,1.2,0.9,0.4,0.4,0.377,0.322,0.508,0.625
Justin Holiday,SF,33,ATL,28,4.5,0.8,0.9,0.2,0.4,0.384,0.345,0.474,0
Justin Holiday,SF,33,DAL,18,4.4,1.8,0.9,0.8,0.5,0.367,0.286,0.565,0.625
Richaun Holmes,C,29,SAC,42,3.1,1.9,0.2,0.1,0.3,0.618,0.625,0.617,0.789
Al Horford,C,36,BOS,63,9.8,6.2,3,0.5,1,0.476,0.446,0.539,0.714
Talen Horton-Tucker,SG,22,UTA,65,10.7,3.2,3.8,0.6,0.4,0.419,0.286,0.485,0.75
Danuel House Jr.,SF,29,PHI,56,4.8,1.7,0.8,0.3,0.2,0.472,0.336,0.644,0.75
Caleb Houstan,SF,20,ORL,51,3.8,1.9,0.6,0.2,0.1,0.363,0.338,0.435,0.833
Trevor Hudgins,PG,23,HOU,5,1.8,0,0.6,0,0,0.222,0.25,0,1
Kevin Huerter,SG,24,SAC,75,15.2,3.3,2.9,1.1,0.3,0.485,0.402,0.604,0.725
Jay Huff,C,24,WAS,7,7.3,3,1.4,0.4,0.6,0.6,0.5,0.692,0.938
De'Andre Hunter,SF,25,ATL,67,15.4,4.2,1.4,0.5,0.3,0.461,0.35,0.521,0.826
Bones Hyland,PG,22,TOT,56,11.8,2.4,3.1,0.7,0.3,0.399,0.371,0.434,0.843
Bones Hyland,PG,22,DEN,42,12.1,2,3,0.7,0.3,0.399,0.378,0.425,0.866
Bones Hyland,PG,22,LAC,14,10.8,3.5,3.4,0.8,0.1,0.401,0.351,0.46,0.75
Serge Ibaka,C,33,MIL,16,4.1,2.8,0.3,0.1,0.4,0.481,0.333,0.556,0.615
Andre Iguodala,PF,39,GSW,8,2.1,2.1,2.4,0.5,0.4,0.467,0.111,1,0.667
Joe Ingles,SF,35,MIL,46,6.9,2.8,3.3,0.7,0.1,0.435,0.409,0.556,0.857
Brandon Ingram,SF,25,NOP,45,24.7,5.5,5.8,0.7,0.4,0.484,0.39,0.507,0.882
Kyrie Irving,PG-SG,30,TOT,60,27.1,5.1,5.5,1.1,0.8,0.494,0.379,0.574,0.905
Kyrie Irving,PG,30,BRK,40,27.1,5.1,5.3,1,0.8,0.486,0.374,0.569,0.883
Kyrie Irving,SG,30,DAL,20,27,5,6,1.3,0.6,0.51,0.392,0.585,0.947
Jonathan Isaac,PF,25,ORL,11,5,4,0.5,1.3,0.4,0.415,0.4,0.421,0.556
Jaden Ivey,SG,20,DET,74,16.3,3.9,5.2,0.8,0.2,0.416,0.343,0.457,0.747
Frank Jackson,PG,24,UTA,1,0,2,1,0,0,0,0,0,0
Isaiah Jackson,C,21,IND,63,7.2,4.5,0.8,0.5,1.5,0.563,0.143,0.582,0.651
Jaren Jackson Jr.,C,23,MEM,63,18.6,6.8,1,1,3,0.506,0.355,0.585,0.788
Justin Jackson,SF,27,BOS,23,0.9,0.7,0.4,0.2,0.2,0.259,0.25,0.286,0.5
Quenton Jackson,PG,24,WAS,9,6.2,0.9,1.7,0.4,0.1,0.452,0.083,0.6,0.773
Reggie Jackson,PG,32,TOT,68,10.2,2.1,3.4,0.7,0.1,0.411,0.333,0.474,0.91
Reggie Jackson,PG,32,LAC,52,10.9,2.2,3.5,0.7,0.1,0.418,0.35,0.469,0.924
Reggie Jackson,PG,32,DEN,16,7.9,1.8,3.1,0.6,0.1,0.383,0.279,0.5,0.833
LeBron James,PF,38,LAL,55,28.9,8.3,6.8,0.9,0.6,0.5,0.321,0.58,0.768
Ty Jerome,SG,25,GSW,45,6.9,1.7,3,0.5,0.1,0.488,0.389,0.546,0.927
Isaiah Joe,SG,23,OKC,73,9.5,2.4,1.2,0.7,0.1,0.441,0.409,0.553,0.82
Alize Johnson,PF,26,SAS,4,1.8,2.5,0.3,0.3,0,0.5,0,0.75,0.5
Cameron Johnson,PF,26,TOT,42,15.5,4.4,1.9,1.2,0.3,0.47,0.404,0.548,0.842
Cameron Johnson,PF,26,PHO,17,13.9,3.8,1.5,0.9,0.4,0.474,0.455,0.5,0.818
Cameron Johnson,PF,26,BRK,25,16.6,4.8,2.1,1.4,0.3,0.468,0.372,0.572,0.851
Jalen Johnson,SF,21,ATL,70,5.6,4,1.2,0.5,0.5,0.491,0.288,0.587,0.628
James Johnson,PF,35,IND,18,2.8,1.7,0.8,0.4,0.3,0.449,0.2,0.559,0.5
Keldon Johnson,SF,23,SAS,63,22,5,2.9,0.7,0.2,0.452,0.329,0.523,0.749
Keon Johnson,SG,20,POR,40,4.7,1.1,1.5,0.5,0.2,0.376,0.346,0.402,0.659
Stanley Johnson,SF,26,SAS,30,5.8,3.2,2.2,0.5,0.2,0.533,0.45,0.573,0.667
Nikola Jokic,C,27,DEN,69,24.5,11.8,9.8,1.3,0.7,0.632,0.383,0.675,0.822
Carlik Jones,PG,25,CHI,7,2.9,0.7,0.9,0.3,0,0.4,0.5,0.333,0.625
Damian Jones,C,27,TOT,41,3.5,3,0.4,0.2,0.5,0.64,0.588,0.652,0.759
Damian Jones,C,27,LAL,22,2.5,2.5,0.2,0.1,0.5,0.541,0,0.588,0.75
Damian Jones,C,27,UTA,19,4.6,3.5,0.6,0.3,0.5,0.714,0.714,0.714,0.778
Derrick Jones Jr.,PF,25,CHI,64,5,2.4,0.5,0.5,0.6,0.5,0.338,0.587,0.738
Herbert Jones,PF,24,NOP,66,9.8,4.1,2.5,1.6,0.6,0.469,0.335,0.536,0.764
Kai Jones,C,22,CHO,46,3.4,2.7,0.3,0.4,0.7,0.558,0.211,0.624,0.731
Tre Jones,PG,23,SAS,68,12.9,3.6,6.6,1.3,0.1,0.459,0.285,0.506,0.86
Tyus Jones,PG,26,MEM,80,10.3,2.5,5.2,1,0.1,0.438,0.371,0.495,0.8
DeAndre Jordan,C,34,DEN,39,5.1,5.2,0.9,0.3,0.6,0.765,1,0.763,0.458
Cory Joseph,PG,31,DET,62,6.9,1.7,3.5,0.5,0.1,0.427,0.389,0.468,0.792
Nikola Jovic,PF,19,MIA,15,5.5,2.1,0.7,0.5,0.1,0.406,0.229,0.588,0.947
Johnny Juzang,SG,21,UTA,18,4.8,2.2,0.4,0.2,0.2,0.337,0.238,0.488,0.5
Mfiondu Kabengele,PF,25,BOS,4,1.5,2.5,0,0.5,0,0.286,0,0.5,1
Frank Kaminsky,C,29,TOT,36,2.5,1.4,0.9,0.2,0.1,0.492,0.394,0.6,0.875
Frank Kaminsky,C,29,ATL,26,2.7,1.4,0.8,0.2,0,0.568,0.478,0.667,0.833
Frank Kaminsky,C,29,HOU,10,1.8,1.6,1.1,0.1,0.3,0.316,0.2,0.444,1
Trevor Keels,SG,19,NYK,3,1,0.7,0,0,0,0.25,0.25,0,0
Luke Kennard,SG,26,TOT,59,9.3,2.7,1.5,0.5,0.1,0.492,0.494,0.487,0.949
Luke Kennard,SG,26,LAC,35,7.8,2.4,1.1,0.5,0.1,0.464,0.447,0.494,0.95
Luke Kennard,SG,26,MEM,24,11.3,3.1,2.3,0.5,0,0.526,0.54,0.471,0.947
Walker Kessler,C,21,UTA,74,9.2,8.4,0.9,0.4,2.3,0.72,0.333,0.723,0.516
Braxton Key,SF,25,DET,3,1.3,0.3,0,0,0,1,0,1,1
Louis King,PF,23,PHI,1,20,4,2,1,0,0.615,0.5,0.8,0
Corey Kispert,SF,23,WAS,74,11.1,2.8,1.2,0.4,0.1,0.497,0.424,0.637,0.852
Maxi Kleber,PF,31,DAL,37,5.9,3.6,1.4,0.3,0.8,0.456,0.348,0.667,0.711
Nathan Knight,C,25,MIN,38,3.7,1.5,0.3,0.3,0.2,0.568,0.364,0.644,0.684
Kevin Knox,SF-PF,23,TOT,63,6.6,2.8,0.5,0.4,0.2,0.458,0.349,0.596,0.767
Kevin Knox,SF,23,DET,42,5.6,2.6,0.4,0.3,0.3,0.469,0.371,0.651,0.788
Kevin Knox,PF,23,POR,21,8.5,3.3,0.9,0.5,0,0.444,0.314,0.554,0.741
Christian Koloko,C,22,TOR,58,3.1,2.9,0.5,0.4,1,0.48,0.083,0.514,0.627
John Konchar,SF,26,MEM,72,5.1,4.3,1.4,1.1,0.3,0.431,0.339,0.545,0.778
Furkan Korkmaz,SG,25,PHI,37,3.8,1.1,0.6,0.3,0.1,0.432,0.391,0.462,0.722
Luke Kornet,C,27,BOS,69,3.8,2.9,0.8,0.2,0.7,0.665,0.231,0.701,0.821
Vit Krejci,PG,22,ATL,29,1.2,0.9,0.6,0.2,0,0.405,0.238,0.625,0.5
Jonathan Kuminga,PF,20,GSW,67,9.9,3.4,1.9,0.6,0.5,0.525,0.37,0.59,0.652
Kyle Kuzma,PF,27,WAS,64,21.2,7.2,3.7,0.6,0.5,0.448,0.333,0.533,0.73
Anthony Lamb,SF,25,GSW,62,6.7,3.5,1.5,0.5,0.3,0.471,0.367,0.652,0.767
Jock Landale,C,27,PHO,69,6.6,4.1,1,0.2,0.4,0.528,0.25,0.621,0.752
Romeo Langford,SG,23,SAS,43,6.9,2.7,1.2,0.6,0.3,0.467,0.262,0.53,0.696
Jake LaRavia,PF,21,MEM,35,3,1.8,0.6,0.3,0.1,0.389,0.338,0.542,0.778
Zach LaVine,SG,27,CHI,77,24.8,4.5,4.2,0.9,0.2,0.485,0.375,0.556,0.848
A.J. Lawson,SG,22,TOT,15,3.7,1.4,0.1,0.1,0,0.5,0.4,0.632,0.25
A.J. Lawson,SG,22,MIN,1,2,1,0,0,0,1,0,1,0
A.J. Lawson,SG,22,DAL,14,3.9,1.4,0.1,0.1,0,0.488,0.4,0.611,0.25
Damion Lee,SG,30,PHO,74,8.2,3,1.3,0.4,0.1,0.442,0.445,0.439,0.904
Saben Lee,PG,23,TOT,25,6,1.8,2.7,0.8,0,0.405,0.367,0.418,0.737
Saben Lee,PG,23,PHI,2,3,0,1,0.5,0,0.75,0,1,0
Saben Lee,PG,23,PHO,23,6.3,2,2.8,0.8,0,0.393,0.379,0.398,0.737
Alex Len,C,29,SAC,26,1.7,2.3,0.5,0.2,0.4,0.533,0,0.571,0.688
Kawhi Leonard,SF,31,LAC,52,23.8,6.5,3.9,1.4,0.5,0.512,0.416,0.551,0.871
Meyers Leonard,C,30,MIL,9,4.8,3.8,0.1,0.2,0,0.483,0.389,0.636,0.889
Caris LeVert,SG,28,CLE,74,12.1,3.8,3.9,1,0.3,0.431,0.392,0.462,0.722
Kira Lewis Jr.,PG,21,NOP,25,4.6,1.3,0.9,0.4,0.1,0.455,0.441,0.463,0.864
Damian Lillard,PG,32,POR,58,32.2,4.8,7.3,0.9,0.3,0.463,0.371,0.574,0.914
Nassir Little,SF,22,POR,54,6.6,2.6,0.9,0.4,0.4,0.442,0.367,0.524,0.717
Isaiah Livers,PF,24,DET,52,6.7,2.8,0.8,0.5,0.5,0.417,0.365,0.541,0.821
Kenneth Lofton Jr.,PF,20,MEM,24,5,2.1,0.8,0.2,0.1,0.527,0.353,0.566,0.593
Kevon Looney,C,26,GSW,82,7,9.3,2.5,0.6,0.6,0.63,0,0.632,0.606
Brook Lopez,C,34,MIL,78,15.9,6.7,1.3,0.5,2.5,0.531,0.374,0.637,0.784
Robin Lopez,C,34,CLE,37,3,1.4,0.5,0.1,0.2,0.64,0.5,0.648,0.778
Kevin Love,PF,34,TOT,62,8.2,6.4,1.9,0.3,0.2,0.389,0.334,0.516,0.879
Kevin Love,PF,34,CLE,41,8.5,6.8,1.9,0.2,0.2,0.389,0.354,0.467,0.889
Kevin Love,PF,34,MIA,21,7.7,5.7,1.9,0.4,0.2,0.388,0.297,0.632,0.857
Kyle Lowry,PG,36,MIA,55,11.2,4.1,5.1,1,0.4,0.404,0.345,0.509,0.859
Trey Lyles,PF,27,SAC,74,7.6,4.1,0.9,0.4,0.4,0.458,0.363,0.595,0.815
Th‚o Maledon,PG,21,CHO,44,6.7,2.8,3.5,0.8,0.3,0.402,0.295,0.465,0.851
Sandro Mamukelashvili,C,23,TOT,43,6.1,4.3,1.4,0.3,0.3,0.422,0.303,0.511,0.684
Sandro Mamukelashvili,C,23,MIL,24,2.4,2.3,0.7,0.2,0.2,0.328,0.219,0.462,0.667
Sandro Mamukelashvili,C,23,SAS,19,10.8,6.8,2.4,0.5,0.4,0.453,0.343,0.524,0.692
Terance Mann,SG,26,LAC,81,8.8,3.4,2.3,0.5,0.3,0.519,0.389,0.598,0.78
Tre Mann,PG,21,OKC,67,7.7,2.3,1.8,0.6,0.2,0.393,0.315,0.475,0.764
Boban Marjanovic,C,34,HOU,31,3.3,1.9,0.3,0.2,0.1,0.683,0,0.695,0.741
Lauri Markkanen,PF,25,UTA,66,25.6,8.6,1.9,0.6,0.6,0.499,0.391,0.585,0.875
Naji Marshall,SF,25,NOP,77,9.1,3.6,2.5,0.7,0.2,0.433,0.303,0.513,0.789
Caleb Martin,SF,27,MIA,71,9.6,4.8,1.6,1,0.4,0.464,0.356,0.545,0.805
Cody Martin,SF,27,CHO,7,5,3.4,1.6,0.6,0.1,0.389,0.214,0.5,0.571
Kenyon Martin Jr.,SF,22,HOU,82,12.7,5.5,1.5,0.5,0.4,0.569,0.315,0.679,0.68
Tyrese Martin,SG,23,ATL,16,1.3,0.8,0.1,0.1,0,0.391,0.143,0.5,1
Garrison Mathews,SG,26,TOT,54,4.8,1.4,0.5,0.4,0.1,0.363,0.35,0.476,0.906
Garrison Mathews,SG,26,HOU,45,4.8,1.4,0.5,0.5,0.1,0.353,0.342,0.467,0.911
Garrison Mathews,SG,26,ATL,9,4.8,1.2,0.3,0.1,0.1,0.419,0.4,0.5,0.875
Bennedict Mathurin,SG,20,IND,78,16.7,4.1,1.5,0.6,0.2,0.434,0.323,0.488,0.828
Wesley Matthews,SF,36,MIL,52,3.4,2.2,0.7,0.4,0.3,0.363,0.315,0.528,0.857
Tyrese Maxey,SG,22,PHI,60,20.3,2.9,3.5,0.8,0.1,0.481,0.434,0.513,0.845
Skylar Mays,PG,25,POR,6,15.3,3.2,8.3,1,0.2,0.5,0.462,0.524,0.923
Miles McBride,PG,22,NYK,64,3.5,0.8,1.1,0.6,0.1,0.358,0.299,0.457,0.667
Mac McClung,SG,24,PHI,2,12.5,5,4.5,0,0,0.45,0.364,0.556,0.6
CJ McCollum,SG,31,NOP,75,20.9,4.4,5.7,0.9,0.5,0.437,0.389,0.469,0.769
T.J. McConnell,PG,30,IND,75,8.7,3.1,5.3,1.1,0.1,0.543,0.441,0.556,0.853
Jaden McDaniels,SF,22,MIN,79,12.1,3.9,1.9,0.9,1,0.517,0.398,0.588,0.736
Jalen McDaniels,SF,25,TOT,80,9.4,4.3,1.6,1,0.4,0.455,0.332,0.53,0.841
Jalen McDaniels,SF,25,CHO,56,10.6,4.8,2,1.2,0.5,0.447,0.322,0.534,0.846
Jalen McDaniels,SF,25,PHI,24,6.7,3.2,0.8,0.7,0.2,0.488,0.4,0.516,0.824
Doug McDermott,SF,31,SAS,64,10.2,2.2,1.4,0.2,0.1,0.457,0.413,0.516,0.757
JaVale McGee,C,35,DAL,42,4.4,2.5,0.3,0.1,0.6,0.64,0.4,0.65,0.585
Bryce McGowens,SG,20,CHO,46,5.3,2,1.2,0.3,0.1,0.396,0.325,0.443,0.75
Rodney McGruder,SG,31,DET,32,5.7,2.3,0.9,0.5,0,0.408,0.423,0.382,0.818
Jordan McLaughlin,PG,26,MIN,43,3.7,1.4,3.4,0.7,0.1,0.421,0.308,0.552,0.833
De'Anthony Melton,SG,24,PHI,77,10.1,4.1,2.6,1.6,0.5,0.425,0.39,0.484,0.793
Sam Merrill,SG,26,CLE,5,5,1.8,1,0.8,0,0.409,0.278,1,1
Chimezie Metu,PF,25,SAC,66,4.9,3,0.6,0.3,0.3,0.589,0.237,0.663,0.74
Khris Middleton,SF,31,MIL,33,15.1,4.2,4.9,0.7,0.2,0.436,0.315,0.516,0.902
Patty Mills,PG,34,BRK,40,6.2,1.1,1.4,0.4,0.1,0.411,0.366,0.493,0.833
Shake Milton,SG,26,PHI,76,8.4,2.5,3.2,0.3,0.2,0.479,0.378,0.521,0.853
Justin Minaya,SF,23,POR,4,4.3,3.8,1,0.5,1.3,0.304,0.25,0.364,0
Josh Minott,SF,20,MIN,15,3.1,1.7,0.3,0.3,0.4,0.5,0.333,0.533,1
Davion Mitchell,PG,24,SAC,80,5.6,1.3,2.3,0.6,0.2,0.454,0.32,0.584,0.806
Donovan Mitchell,SG,26,CLE,68,28.3,4.3,4.4,1.5,0.4,0.484,0.386,0.566,0.867
Evan Mobley,PF,21,CLE,79,16.2,9,2.8,0.8,1.5,0.554,0.216,0.595,0.674
Isaiah Mobley,PF,23,CLE,12,2.6,1.7,0.3,0.3,0.3,0.429,0.375,0.45,1
Chima Moneke,SF,27,SAC,2,1,1,0.5,0,0,0.5,0,0.5,0
Malik Monk,SG,24,SAC,77,13.5,2.6,3.9,0.6,0.3,0.448,0.359,0.538,0.889
Moses Moody,SG,20,GSW,63,4.8,1.7,0.8,0.3,0.1,0.476,0.363,0.641,0.698
Xavier Moon,SG,28,LAC,4,1.8,0.8,1.3,0,0,0.333,0.333,0.333,0
Wendell Moore Jr.,SG,21,MIN,29,1.4,0.6,0.6,0.3,0.2,0.419,0.118,0.615,0.8
Ja Morant,PG,23,MEM,61,26.2,5.9,8.1,1.1,0.3,0.466,0.307,0.519,0.748
Marcus Morris,PF,33,LAC,65,11.2,4,1.8,0.6,0.3,0.426,0.364,0.484,0.782
Markieff Morris,PF,33,TOT,35,3.8,2,0.9,0.3,0.1,0.409,0.394,0.432,1
Markieff Morris,PF,33,BRK,27,3.6,2.2,0.9,0.3,0.2,0.402,0.408,0.394,1
Markieff Morris,PF,33,DAL,8,4.5,1.5,0.8,0.1,0,0.424,0.364,0.545,0
Monte Morris,PG,27,WAS,62,10.3,3.4,5.3,0.7,0.2,0.48,0.382,0.543,0.831
Trey Murphy III,SF,22,NOP,79,14.5,3.6,1.4,1.1,0.5,0.484,0.406,0.611,0.905
Dejounte Murray,SG,26,ATL,74,20.5,5.3,6.1,1.5,0.3,0.464,0.344,0.514,0.832
Jamal Murray,PG,25,DEN,65,20,4,6.2,1,0.2,0.454,0.398,0.494,0.833
Keegan Murray,SF,22,SAC,80,12.2,4.6,1.2,0.8,0.5,0.453,0.411,0.527,0.765
Mike Muscala,C,31,TOT,63,6.1,3.2,0.8,0.2,0.4,0.449,0.391,0.588,0.769
Mike Muscala,C,31,OKC,43,6.2,3.1,0.9,0.3,0.4,0.438,0.394,0.541,0.795
Mike Muscala,C,31,BOS,20,5.9,3.4,0.6,0.2,0.3,0.472,0.385,0.708,0.692
Svi Mykhailiuk,SF,25,TOT,32,6.9,1.7,1.7,0.5,0.1,0.445,0.424,0.473,0.667
Svi Mykhailiuk,SF,25,NYK,13,1.6,0.5,0.1,0.1,0,0.5,0.6,0,0.6
Svi Mykhailiuk,SF,25,CHO,19,10.6,2.4,2.7,0.7,0.2,0.441,0.404,0.486,0.676
Larry Nance Jr.,C,30,NOP,65,6.8,5.4,1.8,0.9,0.6,0.61,0.333,0.654,0.696
Andrew Nembhard,SG,23,IND,75,9.5,2.7,4.5,0.9,0.2,0.441,0.35,0.504,0.79
Aaron Nesmith,SF,23,IND,73,10.1,3.8,1.3,0.8,0.5,0.427,0.366,0.496,0.838
Raul Neto,PG,30,CLE,48,3.3,1,1.6,0.4,0.1,0.518,0.286,0.662,0.912
Georges Niang,PF,29,PHI,78,8.2,2.4,1,0.4,0.2,0.442,0.401,0.576,0.867
Daishen Nix,PG,20,HOU,57,4,1.7,2.3,0.5,0.1,0.342,0.286,0.423,0.667
Zeke Nnaji,PF,22,DEN,53,5.2,2.6,0.3,0.3,0.4,0.561,0.262,0.71,0.645
Nerlens Noel,C,28,TOT,17,2.1,2.7,0.6,0.9,0.6,0.361,0.5,0.353,0.667
Nerlens Noel,C,28,DET,14,2.3,2.6,0.5,0.9,0.6,0.4,0.5,0.393,0.7
Nerlens Noel,C,28,BRK,3,1,3,1,1,0.3,0.167,0,0.167,0.5
Jaylen Nowell,SG,23,MIN,65,10.8,2.6,2,0.6,0.1,0.448,0.289,0.542,0.778
Frank Ntilikina,SG,24,DAL,47,2.9,1.3,1.2,0.3,0.1,0.364,0.254,0.477,0.667
Kendrick Nunn,SG,27,TOT,70,7.1,1.6,1.3,0.4,0.1,0.424,0.354,0.493,0.854
Kendrick Nunn,SG,27,LAL,39,6.7,1.4,0.9,0.3,0.1,0.406,0.325,0.488,0.81
Kendrick Nunn,SG,27,WAS,31,7.5,1.7,1.8,0.5,0.1,0.447,0.392,0.5,0.9
Jusuf Nurkic,C,28,POR,52,13.3,9.1,2.9,0.8,0.8,0.519,0.361,0.567,0.661
Jordan Nwora,SF,24,TOT,62,8.7,3.7,1.4,0.4,0.2,0.436,0.408,0.462,0.791
Jordan Nwora,SF,24,MIL,38,6,3.1,1,0.3,0.2,0.386,0.392,0.379,0.86
Jordan Nwora,SF,24,IND,24,13,4.7,2.1,0.5,0.3,0.476,0.422,0.518,0.721
Royce O'Neale,SF,29,BRK,76,8.8,5.1,3.7,0.9,0.6,0.386,0.389,0.379,0.725
Chuma Okeke,SF,24,ORL,27,4.7,3.6,1.4,0.7,0.4,0.352,0.302,0.472,0.762
Josh Okogie,SG,24,PHO,72,7.3,3.5,1.5,0.8,0.5,0.391,0.335,0.442,0.724
Onyeka Okongwu,C,22,ATL,80,9.9,7.2,1,0.7,1.3,0.638,0.308,0.647,0.781
Isaac Okoro,SF,22,CLE,76,6.4,2.5,1.1,0.7,0.4,0.494,0.363,0.617,0.757
KZ Okpala,PF,23,SAC,35,1.3,1,0.4,0.2,0.2,0.421,0.333,0.529,0.875
Victor Oladipo,SG,30,MIA,42,10.7,3,3.5,1.4,0.3,0.397,0.33,0.471,0.747
Kelly Olynyk,C,31,UTA,68,12.5,6.2,3.7,0.9,0.5,0.499,0.394,0.576,0.853
Eugene Omoruyi,SF,25,TOT,40,7,2.8,0.7,0.7,0.1,0.443,0.281,0.547,0.68
Eugene Omoruyi,SF,25,OKC,23,4.9,2.3,0.5,0.6,0,0.468,0.258,0.571,0.607
Eugene Omoruyi,SF,25,DET,17,9.7,3.5,1,0.8,0.2,0.425,0.293,0.526,0.723
Cedi Osman,SF,27,CLE,77,8.7,2.3,1.5,0.5,0.1,0.451,0.372,0.564,0.694
Kelly Oubre Jr.,SF,27,CHO,48,20.3,5.2,1.1,1.4,0.4,0.431,0.319,0.51,0.76
Chris Paul,PG,37,PHO,59,13.9,4.3,8.9,1.5,0.4,0.44,0.375,0.482,0.831
Cameron Payne,PG,28,PHO,48,10.3,2.2,4.5,0.7,0.2,0.415,0.368,0.448,0.766
Gary Payton II,SG,30,TOT,22,4.6,3.1,1.4,1,0.2,0.594,0.5,0.651,0.857
Gary Payton II,SG,30,POR,15,4.1,2.6,1.5,1.1,0.1,0.585,0.529,0.625,1
Gary Payton II,SG,30,GSW,7,5.7,4.3,1.1,0.9,0.6,0.607,0.444,0.684,0.667
Theo Pinson,SG,27,DAL,40,2.4,1.6,1.2,0.2,0,0.356,0.355,0.36,0.846
Scotty Pippen Jr.,PG,22,LAL,6,2.3,0.7,0.3,0.3,0.2,0.333,0.333,0.333,0.556
Mason Plumlee,C,32,TOT,79,10.8,8.9,3.1,0.6,0.6,0.68,0,0.68,0.636
Mason Plumlee,C,32,CHO,56,12.2,9.7,3.7,0.6,0.6,0.669,0,0.669,0.605
Mason Plumlee,C,32,LAC,23,7.5,6.9,1.7,0.5,0.5,0.727,0,0.727,0.772
Jakob Poeltl,C,27,TOT,72,12.5,9.1,2.7,0.9,1.2,0.629,0,0.63,0.592
Jakob Poeltl,C,27,SAS,46,12.1,9,3.1,0.8,1.1,0.616,0,0.618,0.605
Jakob Poeltl,C,27,TOR,26,13.1,9.1,2.2,1.2,1.3,0.652,0,0.652,0.569
Aleksej Pokusevski,PF,21,OKC,34,8.1,4.7,1.9,0.6,1.3,0.434,0.365,0.483,0.629
Jordan Poole,PG,23,GSW,82,20.4,2.7,4.5,0.8,0.3,0.43,0.336,0.524,0.87
Kevin Porter Jr.,PG,22,HOU,59,19.2,5.3,5.7,1.4,0.3,0.442,0.366,0.501,0.784
Michael Porter Jr.,SF,24,DEN,62,17.4,5.5,1,0.6,0.5,0.487,0.414,0.579,0.8
Otto Porter Jr.,SF,29,TOR,8,5.5,2.4,1,1.4,0,0.5,0.353,0.692,1
Bobby Portis,PF,27,MIL,70,14.1,9.6,1.5,0.4,0.2,0.496,0.37,0.555,0.768
Kristaps Porzi??is,C,27,WAS,65,23.2,8.4,2.7,0.9,1.5,0.498,0.385,0.559,0.851
Micah Potter,PF,24,UTA,7,3.4,2.3,0.6,0.1,0,0.667,0.571,0.75,0
Dwight Powell,C,31,DAL,76,6.7,4.1,0.9,0.6,0.3,0.732,0,0.746,0.667
Norman Powell,SG,29,LAC,60,17,2.9,1.8,0.8,0.3,0.479,0.397,0.534,0.812
Jason Preston,PG,23,LAC,14,2.9,1.6,1.9,0.1,0,0.439,0.278,0.565,0
Joshua Primo,SG,20,SAS,4,7,3.3,4.5,0.3,0.5,0.346,0.25,0.429,0.778
Taurean Prince,PF,28,MIN,54,9.1,2.4,1.6,0.5,0.3,0.467,0.381,0.557,0.844
Payton Pritchard,PG,25,BOS,48,5.6,1.8,1.3,0.3,0,0.412,0.364,0.495,0.75
Trevelin Queen,SG,25,IND,7,3,2.4,0.9,0.3,0.7,0.241,0.133,0.357,1
Neemias Queta,C,23,SAC,5,2.4,2.2,0.2,0,0.4,0.667,0,0.667,0
Immanuel Quickley,SG,23,NYK,81,14.9,4.2,3.4,1,0.2,0.448,0.37,0.521,0.819
Lester Quinones,SG,22,GSW,4,2.5,0.8,0.5,0.3,0,0.4,0.5,0,0.667
Julius Randle,PF,28,NYK,77,25.1,10,4.1,0.6,0.3,0.459,0.343,0.553,0.757
Austin Reaves,SG,24,LAL,64,13,3,3.4,0.5,0.3,0.529,0.398,0.631,0.864
Cam Reddish,SF,23,TOT,40,9.7,2.2,1.4,1,0.4,0.446,0.313,0.56,0.853
Cam Reddish,SF,23,NYK,20,8.4,1.6,1,0.8,0.4,0.449,0.304,0.55,0.879
Cam Reddish,SF,23,POR,20,11,2.9,1.9,1.2,0.3,0.443,0.318,0.568,0.833
Davon Reed,SG,27,TOT,43,2.1,1.4,0.5,0.3,0.1,0.333,0.37,0.289,0.667
Davon Reed,SG,27,DEN,35,2.3,1.6,0.5,0.4,0.1,0.313,0.364,0.25,0.75
Davon Reed,SG,27,LAL,8,1,0.5,0.5,0.3,0,0.75,0.5,1,0.25
Paul Reed,C,23,PHI,69,4.2,3.8,0.4,0.7,0.7,0.593,0.167,0.606,0.745
Naz Reid,C,23,MIN,68,11.5,4.9,1.1,0.6,0.8,0.537,0.346,0.653,0.677
Jared Rhoden,SG,23,DET,14,3.2,2.6,0.3,0.3,0.1,0.386,0.25,0.5,1
Nick Richards,C,25,CHO,65,8.2,6.4,0.6,0.2,1.1,0.629,1,0.628,0.749
Josh Richardson,SG,29,TOT,65,10.1,2.7,2.7,1.1,0.3,0.431,0.365,0.506,0.852
Josh Richardson,SG,29,SAS,42,11.5,2.8,3.3,1,0.3,0.436,0.357,0.518,0.883
Josh Richardson,SG,29,NOP,23,7.5,2.4,1.6,1.3,0.4,0.419,0.384,0.468,0.762
Austin Rivers,SG,30,MIN,52,4.9,1.6,1.4,0.5,0.1,0.435,0.35,0.558,0.769
Duncan Robinson,SF,28,MIA,42,6.4,1.6,1.1,0.3,0,0.371,0.328,0.556,0.906
Mitchell Robinson,C,24,NYK,59,7.4,9.4,0.9,0.9,1.8,0.671,0,0.671,0.484
Orlando Robinson,C,22,MIA,31,3.7,4.1,0.8,0.4,0.4,0.528,0,0.566,0.71
Jeremiah Robinson-Earl,PF,22,OKC,43,6.8,4.2,1,0.6,0.3,0.444,0.333,0.533,0.833
Isaiah Roby,PF,24,SAS,42,4.1,2.5,0.9,0.4,0.2,0.432,0.3,0.516,0.488
David Roddy,PF,21,MEM,70,6.7,2.8,0.8,0.4,0.3,0.429,0.307,0.553,0.631
Ryan Rollins,PG,20,GSW,12,1.9,1,0.5,0.1,0.1,0.35,0.333,0.364,1
Derrick Rose,PG,34,NYK,27,5.6,1.5,1.7,0.3,0.2,0.384,0.302,0.438,0.917
Terrence Ross,SG,31,TOT,63,8.3,2.4,1.5,0.6,0.2,0.43,0.368,0.507,0.794
Terrence Ross,SG,31,ORL,42,8,2,1.3,0.6,0.2,0.431,0.381,0.489,0.75
Terrence Ross,SG,31,PHO,21,9,3.3,2,0.5,0.1,0.428,0.347,0.544,0.857
Terry Rozier,SG,28,CHO,63,21.1,4.1,5.1,1.2,0.3,0.415,0.327,0.48,0.809
Ricky Rubio,PG,32,CLE,33,5.2,2.1,3.5,0.8,0.2,0.343,0.256,0.417,0.8
D'Angelo Russell,PG,26,TOT,71,17.8,3,6.2,1,0.4,0.469,0.396,0.548,0.829
D'Angelo Russell,PG,26,MIN,54,17.9,3.1,6.2,1.1,0.4,0.465,0.391,0.546,0.856
D'Angelo Russell,PG,26,LAL,17,17.4,2.9,6.1,0.6,0.5,0.484,0.414,0.555,0.735
Matt Ryan,SF,25,TOT,34,3.6,0.8,0.5,0.1,0,0.37,0.381,0.333,0.833
Matt Ryan,SF,25,LAL,12,3.9,1.2,0.3,0.2,0,0.306,0.371,0.143,0.8
Matt Ryan,SF,25,MIN,22,3.4,0.5,0.5,0.1,0,0.424,0.388,0.6,0.857
Domantas Sabonis,C,26,SAC,79,19.1,12.3,7.3,0.8,0.5,0.615,0.373,0.639,0.742
Luka Samanic,PF,23,UTA,7,9.9,4.3,2.1,0.9,0.3,0.456,0.258,0.692,0.692
Dario Saric,PF-C,28,TOT,57,6.4,3.6,1.3,0.4,0.1,0.458,0.391,0.506,0.829
Dario Saric,PF,28,PHO,37,5.8,3.8,1.5,0.4,0.1,0.427,0.391,0.45,0.818
Dario Saric,C,28,OKC,20,7.4,3.3,0.9,0.4,0.1,0.515,0.391,0.623,0.844
Olivier Sarr,C,23,OKC,9,4,3.4,0.4,0.1,0.6,0.5,0.125,0.636,0.714
Jordan Schakel,SF,24,WAS,2,1.5,0,0.5,0.5,0,0.5,1,0,0
Admiral Schofield,PF,25,ORL,37,4.2,1.7,0.8,0.2,0.1,0.451,0.324,0.646,0.913
Dennis Schroder,PG,29,LAL,66,12.6,2.5,4.5,0.8,0.2,0.415,0.329,0.461,0.857
Jay Scrubb,SG,22,ORL,2,6.5,3,0.5,1,0,0.714,1,0.6,0.5
Dereon Seabron,SG,22,NOP,5,0.8,0.2,0,0,0,0.4,0,0.4,0
Alperen Sengun,C,20,HOU,75,14.8,9,3.9,0.9,0.9,0.553,0.333,0.57,0.715
Collin Sexton,PG,24,UTA,48,14.3,2.2,2.9,0.6,0.1,0.506,0.393,0.546,0.819
Landry Shamet,SG,25,PHO,40,8.7,1.7,2.3,0.7,0.1,0.377,0.377,0.376,0.882
Day'Ron Sharpe,C,21,BRK,48,4.7,4.2,0.8,0.3,0.7,0.544,0.545,0.544,0.636
Shaedon Sharpe,SG,19,POR,80,9.9,3,1.2,0.5,0.3,0.472,0.36,0.559,0.714
Pascal Siakam,PF,28,TOR,71,24.2,7.8,5.8,0.9,0.5,0.48,0.324,0.523,0.774
Chris Silva,PF,26,DAL,1,2,0,0,0,0,1,0,1,0
Ben Simmons,PG,26,BRK,42,6.9,6.3,6.1,1.3,0.6,0.566,0,0.571,0.439
Kobi Simmons,SG,25,CHO,5,1,0.8,1,0,0.4,0.167,0.2,0,1
Marko Simonovic,C,23,CHI,7,0.9,0.3,0,0,0,0.286,0.25,0.333,0.5
Anfernee Simons,SG,23,POR,62,21.1,2.6,4.1,0.7,0.2,0.447,0.377,0.528,0.894
Jericho Sims,C,24,NYK,52,3.4,4.7,0.5,0.3,0.5,0.776,0,0.783,0.75
Marcus Smart,PG,28,BOS,61,11.5,3.1,6.3,1.5,0.4,0.415,0.336,0.519,0.746
Dennis Smith Jr.,PG,25,CHO,54,8.8,3.1,4.8,1.4,0.5,0.412,0.216,0.475,0.736
Dru Smith,SG,25,TOT,15,2.9,1.6,1.5,0.7,0.3,0.4,0.263,0.5,1
Dru Smith,SG,25,MIA,5,2.2,1.8,1,0.8,0.6,0.357,0.167,0.5,0
Dru Smith,SG,25,BRK,10,3.3,1.5,1.7,0.6,0.1,0.419,0.308,0.5,1
Ish Smith,PG,34,DEN,43,2.5,1.3,2.3,0.2,0.2,0.397,0.167,0.42,0.5
Jabari Smith Jr.,PF,19,HOU,79,12.8,7.2,1.3,0.5,0.9,0.408,0.307,0.487,0.786
Jalen Smith,C,22,IND,68,9.4,5.8,1,0.3,0.9,0.476,0.283,0.593,0.759
Xavier Sneed,SF,25,CHO,4,4.3,1.3,1.3,0,0.3,0.5,0.5,0.5,1
Jeremy Sochan,PF,19,SAS,56,11,5.3,2.5,0.8,0.4,0.453,0.246,0.519,0.698
Jaden Springer,SG,20,PHI,16,2.6,0.9,0.5,0.4,0.2,0.486,0.4,0.5,0.75
Lamar Stevens,SF,25,CLE,62,5.3,3.3,0.5,0.4,0.3,0.448,0.316,0.513,0.702
Isaiah Stewart,C,21,DET,50,11.3,8.1,1.4,0.4,0.7,0.442,0.327,0.542,0.738
Max Strus,SF,26,MIA,80,11.5,3.2,2.1,0.5,0.2,0.41,0.35,0.559,0.876
Jalen Suggs,SG,21,ORL,53,9.9,3,2.9,1.3,0.5,0.419,0.327,0.496,0.723
Edmond Sumner,SG,27,BRK,53,7.1,1.5,1.3,0.6,0.2,0.461,0.356,0.511,0.917
Cole Swider,SF,23,LAL,7,1.3,1,0.6,0,0,0.333,0.375,0,0
Jae'Sean Tate,SF,27,HOU,31,9.1,3.8,2.7,0.7,0.2,0.48,0.283,0.53,0.725
Jayson Tatum,SF,24,BOS,74,30.1,8.8,4.6,1.1,0.7,0.466,0.35,0.558,0.854
Terry Taylor,PF,23,TOT,31,2.9,1.5,0.3,0.1,0.2,0.52,0.263,0.607,0.545
Terry Taylor,PF,23,IND,26,2.7,1.5,0.4,0.1,0.2,0.462,0.222,0.553,0.714
Terry Taylor,PF,23,CHI,5,4,1.6,0,0,0.2,0.9,1,0.889,0.25
Garrett Temple,SG,36,NOP,25,2,0.7,0.5,0.4,0.1,0.4,0.423,0.368,0.75
Dalen Terry,SG,20,CHI,38,2.2,1,0.6,0.3,0.1,0.444,0.259,0.556,0.667
Daniel Theis,C,30,IND,7,7,3.1,1.3,0.3,0.9,0.477,0.182,0.576,0.417
Cam Thomas,SG,21,BRK,57,10.6,1.7,1.4,0.4,0.1,0.441,0.383,0.464,0.868
Klay Thompson,SF,32,GSW,69,21.9,4.1,2.4,0.7,0.4,0.436,0.412,0.47,0.879
JT Thor,PF,20,CHO,69,3.8,2.2,0.5,0.3,0.3,0.399,0.317,0.487,0.702
Matisse Thybulle,SF-SG,25,TOT,71,4.1,2,0.7,1.2,0.5,0.435,0.365,0.533,0.679
Matisse Thybulle,SF,25,PHI,49,2.7,1.3,0.5,0.9,0.3,0.431,0.333,0.547,0.75
Matisse Thybulle,SG,25,POR,22,7.4,3.5,1.4,1.7,0.8,0.438,0.388,0.519,0.625
Xavier Tillman Sr.,C,24,MEM,61,7,5,1.6,1,0.5,0.614,0.267,0.632,0.551
Isaiah Todd,PF,21,WAS,6,1.5,2,0.7,0.2,0,0.158,0.1,0.222,1
Obi Toppin,PF,24,NYK,67,7.4,2.8,1,0.3,0.2,0.446,0.344,0.593,0.809
Juan Toscano-Anderson,SF,29,TOT,52,3,2.4,1.3,0.3,0.2,0.448,0.186,0.56,0.792
Juan Toscano-Anderson,SF,29,LAL,30,2.7,2,0.8,0.3,0.2,0.5,0.2,0.63,0.733
Juan Toscano-Anderson,SF,29,UTA,22,3.4,2.9,1.8,0.3,0.1,0.403,0.174,0.5,0.889
Karl-Anthony Towns,PF,27,MIN,29,20.8,8.1,4.8,0.7,0.6,0.495,0.366,0.576,0.874
Gary Trent Jr.,SG,24,TOR,66,17.4,2.6,1.6,1.6,0.2,0.433,0.369,0.493,0.839
P.J. Tucker,PF,37,PHI,75,3.5,3.9,0.8,0.5,0.2,0.427,0.393,0.482,0.826
Myles Turner,C,26,IND,62,18,7.5,1.4,0.6,2.3,0.548,0.373,0.638,0.783
Stanley Umude,SG,23,DET,1,2,0,0,1,1,0,0,0,1
Jonas Valanciunas,C,30,NOP,79,14.1,10.2,1.8,0.3,0.7,0.547,0.349,0.577,0.826
Jarred Vanderbilt,PF,23,TOT,78,7.9,7.5,2.4,1.1,0.3,0.548,0.322,0.604,0.691
Jarred Vanderbilt,PF,23,UTA,52,8.3,7.9,2.7,1,0.3,0.556,0.333,0.606,0.657
Jarred Vanderbilt,PF,23,LAL,26,7.2,6.7,1.6,1.2,0.2,0.529,0.303,0.598,0.784
Fred VanVleet,PG,28,TOR,69,19.3,4.1,7.2,1.8,0.6,0.393,0.342,0.455,0.898
Devin Vassell,SG,22,SAS,38,18.5,3.9,3.6,1.1,0.4,0.439,0.387,0.48,0.78
Gabe Vincent,PG,26,MIA,68,9.4,2.1,2.5,0.9,0.1,0.402,0.334,0.512,0.872
Noah Vonleh,C,27,BOS,23,1.1,2.1,0.3,0.1,0.3,0.458,0.25,0.5,1
Nikola Vucevic,C,32,CHI,82,17.6,11,3.2,0.7,0.7,0.52,0.349,0.594,0.835
Dean Wade,PF,26,CLE,44,4.7,3.4,0.8,0.6,0.5,0.412,0.354,0.56,0.652
Franz Wagner,SF,21,ORL,80,18.6,4.1,3.5,1,0.2,0.485,0.361,0.544,0.842
Moritz Wagner,C,25,ORL,57,10.5,4.5,1.5,0.6,0.2,0.5,0.313,0.631,0.841
Ish Wainright,SF,28,PHO,60,4.2,2.3,0.9,0.6,0.4,0.37,0.329,0.5,0.839
Jabari Walker,SF,20,POR,56,3.9,2.3,0.6,0.2,0.2,0.419,0.286,0.472,0.756
Kemba Walker,PG,32,DAL,9,8,1.8,2.1,0.2,0.2,0.421,0.25,0.586,0.81
Lonnie Walker IV,SG,24,LAL,56,11.7,1.9,1.1,0.5,0.3,0.448,0.365,0.522,0.858
John Wall,PG,32,LAC,34,11.4,2.7,5.2,0.8,0.4,0.408,0.303,0.459,0.681
T.J. Warren,PF-SF,29,TOT,42,7.5,2.9,1,0.5,0.3,0.489,0.328,0.542,0.8
T.J. Warren,PF,29,BRK,26,9.5,2.8,1.1,0.6,0.3,0.51,0.333,0.566,0.818
T.J. Warren,SF,29,PHO,16,4.2,3.1,0.7,0.4,0.3,0.429,0.316,0.471,0.5
Duane Washington Jr.,SG,22,PHO,31,7.9,1.2,2,0.2,0.1,0.367,0.36,0.372,0.667
P.J. Washington,PF,24,CHO,73,15.7,4.9,2.4,0.9,1.1,0.444,0.348,0.518,0.73
TyTy Washington Jr.,PG,21,HOU,31,4.7,1.5,1.5,0.5,0.1,0.363,0.238,0.488,0.556
Yuta Watanabe,SF,28,BRK,58,5.6,2.4,0.8,0.4,0.3,0.491,0.444,0.557,0.723
Lindy Waters III,SG,25,OKC,41,5.2,1.8,0.7,0.3,0.3,0.393,0.358,0.75,0.8
Trendon Watford,PF,22,POR,62,7.4,3.8,2.1,0.5,0.2,0.56,0.391,0.602,0.72
Peyton Watson,SG,20,DEN,23,3.3,1.6,0.5,0.1,0.5,0.492,0.429,0.511,0.55
Blake Wesley,SG,19,SAS,37,5,2.2,2.7,0.7,0.1,0.321,0.385,0.301,0.591
Russell Westbrook,PG,34,TOT,73,15.9,5.8,7.5,1,0.5,0.436,0.311,0.487,0.656
Russell Westbrook,PG,34,LAL,52,15.9,6.2,7.5,1,0.4,0.417,0.296,0.467,0.655
Russell Westbrook,PG,34,LAC,21,15.8,4.9,7.6,1.1,0.5,0.489,0.356,0.54,0.658
Coby White,SG,22,CHI,74,9.7,2.9,2.8,0.7,0.1,0.443,0.372,0.54,0.871
Derrick White,SG,28,BOS,82,12.4,3.6,3.9,0.7,0.9,0.462,0.381,0.548,0.875
Jack White,SF,25,DEN,17,1.2,1,0.2,0.2,0.1,0.421,0.333,0.5,0.667
Joe Wieskamp,SF,23,TOR,9,1,0.4,0.3,0,0,0.214,0.25,0,0
Aaron Wiggins,SG,24,OKC,70,6.8,3,1.1,0.6,0.2,0.512,0.393,0.573,0.831
Andrew Wiggins,SF,27,GSW,37,17.1,5,2.3,1.2,0.8,0.473,0.396,0.53,0.611
Lindell Wigginton,PG,24,MIL,7,7.1,1,2,0,0.3,0.486,0.333,0.632,0.889
Alondes Williams,SG,23,BRK,1,0,1,0,0,0,0,0,0,0
Donovan Williams,SG,21,ATL,2,2,1,0,0,0,0.4,0,0.667,0
Grant Williams,PF,24,BOS,79,8.1,4.6,1.7,0.5,0.4,0.454,0.395,0.546,0.77
Jalen Williams,SG,21,OKC,75,14.1,4.5,3.3,1.4,0.5,0.521,0.356,0.579,0.812
Jaylin Williams,C,20,OKC,49,5.9,4.9,1.6,0.6,0.2,0.436,0.407,0.463,0.704
Jeenathan Williams,SG,23,POR,5,10.6,3,2,0.6,0.4,0.615,0.375,0.677,0.667
Kenrich Williams,PF,28,OKC,53,8,4.9,2,0.8,0.3,0.517,0.373,0.608,0.436
Mark Williams,C,21,CHO,43,9,7.1,0.4,0.7,1,0.637,0,0.637,0.691
Patrick Williams,PF,21,CHI,82,10.2,4,1.2,0.9,0.9,0.464,0.415,0.498,0.857
Robert Williams,C,25,BOS,35,8,8.3,1.4,0.6,1.4,0.747,0,0.751,0.61
Vince Williams Jr.,SG,22,MEM,15,2,1,0.3,0.4,0.1,0.3,0.143,0.667,1
Ziaire Williams,SF,21,MEM,37,5.7,2.1,0.9,0.4,0.2,0.429,0.258,0.596,0.773
Zion Williamson,PF,22,NOP,29,26,7,4.6,1.1,0.6,0.608,0.368,0.618,0.714
Dylan Windler,SF,26,CLE,3,1.7,0,0.3,0.3,0,0.667,0.5,1,0
Justise Winslow,PF,26,POR,29,6.8,5,3.4,1,0.4,0.409,0.311,0.438,0.714
James Wiseman,C,21,TOT,45,10,5.9,0.7,0.2,0.6,0.558,0.2,0.58,0.701
James Wiseman,C,21,GSW,21,6.9,3.5,0.7,0.1,0.3,0.628,0.5,0.63,0.684
James Wiseman,C,21,DET,24,12.7,8.1,0.7,0.2,0.8,0.531,0.167,0.559,0.712
Christian Wood,C,27,DAL,67,16.6,7.3,1.8,0.4,1.1,0.515,0.376,0.594,0.772
Delon Wright,PG,30,WAS,50,7.4,3.6,3.9,1.8,0.3,0.474,0.345,0.564,0.867
McKinley Wright IV,PG,24,DAL,27,4.2,1.7,2.1,0.3,0.2,0.469,0.321,0.529,0.684
Gabe York,SG,29,IND,3,8,2,1.7,0.7,0,0.381,0.333,0.667,1
Thaddeus Young,PF,34,TOR,54,4.4,3.1,1.4,1,0.1,0.545,0.176,0.622,0.692
Trae Young,PG,24,ATL,73,26.2,3,10.2,1.1,0.1,0.429,0.335,0.476,0.886
Omer Yurtseven,C,24,MIA,9,4.4,2.6,0.2,0.2,0.2,0.593,0.429,0.65,0.833
Cody Zeller,C,30,MIA,15,6.5,4.3,0.7,0.2,0.3,0.627,0,0.649,0.686
Ivica Zubac,C,25,LAC,76,10.8,9.9,1,0.4,1.3,0.634,0,0.637,0.697
